English IX,9,Class,English,"To Be Added, View course list"
English X,10,Class,English,"To Be Added, View course list"
Eng: Jr/Sr Elective (Sem1),"11,12",Class,English,"To Be Added, View course list"
Eng: Jr Spring Elective (Sem2),11,Class,English,"To Be Added, View course list"
Eng: Sr Reading & Writing Intensive (Sem2),12,Class,English,"To Be Added, View course list"
Speech and Debate minor,"9,10,11,12",Class,English,"To Be Added, View course list"
World Religions in History,9,Class,Religion,"To Be Added, View course list"
American History,10,Class,History,"To Be Added, View course list"
His: AP U.S. Government and Politics,"11,12",Class,History,"To Be Added, View course list"
His: AP Human Geography,"11,12",Class,History,"To Be Added, View course list"
His: AP European History,"11,12",Class,History,"To Be Added, View course list"
His: AP Comp. Government and Politics,"11,12",Class,History,"To Be Added, View course list"
His: AP Art History,"11,12",Class,History,"To Be Added, View course list"
His: Microeconomics (Sem1),"11,12",Class,History,"To Be Added, View course list"
His: Principles of Psychology (Sem1),"11,12",Class,History,"To Be Added, View course list"
His: Environmental History (Sem1),"11,12",Class,History,"To Be Added, View course list"
His: Bioethics (Sem1),"11,12",Class,History,"To Be Added, View course list"
His: Philosophy (Sem1),"11,12",Class,History,"To Be Added, View course list"
"His: Class, Race, & Poverty (Sem1)","11,12",Class,History,"To Be Added, View course list"
His: Macroeconomics (Sem2),"11,12",Class,History,"To Be Added, View course list"
His: Media & Advertising (Sem2),"11,12",Class,History,"To Be Added, View course list"
His: Ethics (Sem2),"11,12",Class,History,"To Be Added, View course list"
His: Positive Psychology (Sem2),"11,12",Class,History,"To Be Added, View course list"
His: Modern African American History (Sem2),"11,12",Class,History,"To Be Added, View course list"
Bioethics,"11,12",Class,History,"To Be Added, View course list"
French I,"9,10,11,12",Class,Classical and Modern Languages,"To Be Added, View course list"
French II,"9,10,11,12",Class,Classical and Modern Languages,"To Be Added, View course list"
French III,"9,10,11,12",Class,Classical and Modern Languages,"To Be Added, View course list"
Honors French III,"9,10,11,12",Class,Classical and Modern Languages,"To Be Added, View course list"
French IV,"9,10,11,12",Class,Classical and Modern Languages,"To Be Added, View course list"
Honors French IV,"9,10,11,12",Class,Classical and Modern Languages,"To Be Added, View course list"
French V,"9,10,11,12",Class,Classical and Modern Languages,"To Be Added, View course list"
French VI,"9,10,11,12",Class,Classical and Modern Languages,"To Be Added, View course list"
Advanced French Literature minor,"9,10,11,12",Class,Classical and Modern Languages,"To Be Added, View course list"
AP French Language and Culture,"9,10,11,12",Class,Classical and Modern Languages,"To Be Added, View course list"
Latin I,"9,10,11,12",Class,Classical and Modern Languages,"To Be Added, View course list"
Latin II,"9,10,11,12",Class,Classical and Modern Languages,"To Be Added, View course list"
Latin III,"9,10,11,12",Class,Classical and Modern Languages,"To Be Added, View course list"
Latin IV,"9,10,11,12",Class,Classical and Modern Languages,"To Be Added, View course list"
Ancient Greek minor,"9,10,11,12",Class,Classical and Modern Languages,"To Be Added, View course list"
AP Latin,"9,10,11,12",Class,Classical and Modern Languages,"To Be Added, View course list"
DE Greek minor,"9,10,11,12",Class,Classical and Modern Languages,"To Be Added, View course list"
DE Latin,"9,10,11,12",Class,Classical and Modern Languages,"To Be Added, View course list"
Spanish I,"9,10,11,12",Class,Classical and Modern Languages,"To Be Added, View course list"
Spanish II,"9,10,11,12",Class,Classical and Modern Languages,"To Be Added, View course list"
Spanish III,"9,10,11,12",Class,Classical and Modern Languages,"To Be Added, View course list"
Honors Spanish III,"9,10,11,12",Class,Classical and Modern Languages,"To Be Added, View course list"
Spanish IV,"9,10,11,12",Class,Classical and Modern Languages,"To Be Added, View course list"
Honors Spanish IV,"9,10,11,12",Class,Classical and Modern Languages,"To Be Added, View course list"
Spanish V,"9,10,11,12",Class,Classical and Modern Languages,"To Be Added, View course list"
Spanish: Temas Mundiales,"9,10,11,12",Class,Classical and Modern Languages,"To Be Added, View course list"
AP Spanish Language and Culture,"9,10,11,12",Class,Classical and Modern Languages,"To Be Added, View course list"
Adv Spanish: Latin American Identities,"9,10,11,12",Class,Classical and Modern Languages,"To Be Added, View course list"
Chinese I,"9,10,11,12",Class,Classical and Modern Languages,"To Be Added, View course list"
Chinese II,"9,10,11,12",Class,Classical and Modern Languages,"To Be Added, View course list"
Chinese III,"9,10,11,12",Class,Classical and Modern Languages,"To Be Added, View course list"
Chinese IV,"9,10,11,12",Class,Classical and Modern Languages,"To Be Added, View course list"
Chinese V,"9,10,11,12",Class,Classical and Modern Languages,"To Be Added, View course list"
Adv Chinese Literature & Culture,"9,10,11,12",Class,Classical and Modern Languages,"To Be Added, View course list"
Geometry w/ Algebra I Enrichment,9,Class,Mathematics,"To Be Added, View course list"
Geometry,9,Class,Mathematics,"To Be Added, View course list"
Accelerated Geometry,9,Class,Mathematics,"To Be Added, View course list"
Honors Geometry,9,Class,Mathematics,"To Be Added, View course list"
Algebra II,10,Class,Mathematics,"To Be Added, View course list"
Accelerated Algebra II,10,Class,Mathematics,"To Be Added, View course list"
Honors Algebra II,10,Class,Mathematics,"To Be Added, View course list"
Precalculus,11,Class,Mathematics,"To Be Added, View course list"
Accelerated Precalculus,11,Class,Mathematics,"To Be Added, View course list"
Honors Precalculus,11,Class,Mathematics,"To Be Added, View course list"
Survey of Calculus & Statistics,"11,12",Class,Mathematics,"To Be Added, View course list"
Accelerated Calculus,"11,12",Class,Mathematics,"To Be Added, View course list"
AP Calculus AB,"11,12",Class,Mathematics,"To Be Added, View course list"
AP Calculus BC,"11,12",Class,Mathematics,"To Be Added, View course list"
AP Statistics,"11,12",Class,Mathematics,"To Be Added, View course list"
Advanced Topics in Mathematics,"11,12",Class,Mathematics,"To Be Added, View course list"
Intro to Computer Science mn,"9,10,11,12",Class,Technical,"To Be Added, View course list"
Applications of Programming mn,"9,10,11,12",Class,Technical,"To Be Added, View course list"
Object Oriented Programming Major,"9,10,11,12",Class,Technical,"To Be Added, View course list"
AP Computer Science Principles,"9,10,11,12",Class,Technical,"To Be Added, View course list"
AP Computer Science A,"9,10,11,12",Class,Technical,"To Be Added, View course list"
Adv Comp Major: Coding w/ a Purpose,"9,10,11,12",Class,Technical,"To Be Added, View course list"
Robotics and Information Processing,"9,10,11,12",Class,Science,"To Be Added, View course list"
Engineering,"9,10,11,12",Class,Science,"To Be Added, View course list"
Industrial Design,"9,10,11,12",Class,Science,"To Be Added, View course list"
Biology,9,Class,Science,"To Be Added, View course list"
Applied Chemistry,10,Class,Science,"To Be Added, View course list"
Chemistry,10,Class,Science,"To Be Added, View course list"
Honors Chemistry,10,Class,Science,"To Be Added, View course list"
Physics,"9,10,11,12",Class,Science,"To Be Added, View course list"
Honors Physics,"9,10,11,12",Class,Science,"To Be Added, View course list"
Anatomy and Physiology,"9,10,11,12",Class,Science,"To Be Added, View course list"
Environmental Science,"9,10,11,12",Class,Science,"To Be Added, View course list"
Astronomy,"9,10,11,12",Class,Science,"To Be Added, View course list"
AP Biology,"9,10,11,12",Class,Science,"To Be Added, View course list"
AP Chemistry,"9,10,11,12",Class,Science,"To Be Added, View course list"
AP Physics C: Mechanics,"9,10,11,12",Class,Science,"To Be Added, View course list"
Research Experience,11,Class,"Science, Employment","To Be Added, View course list"
Health (Tri1),10,Class,Science,"To Be Added, View course list"
Health (Tri2),10,Class,Science,"To Be Added, View course list"
Health (Tri3),10,Class,Science,"To Be Added, View course list"
Intro to Fine Art minor,"9,10,11,12",Class,Art,"To Be Added, View course list"
Advanced Fine Art Major,"9,10,11,12",Class,Art,"To Be Added, View course list"
Intro to Film and Video minor,"9,10,11,12",Class,Art,"To Be Added, View course list"
Intro to Animation & Digital Design mn,"9,10,11,12",Class,Art,"To Be Added, View course list"
"Adv Film, Video, & Animation Major","9,10,11,12",Class,Art,"To Be Added, View course list"
Intro to Ceramics minor,"9,10,11,12",Class,Art,"To Be Added, View course list"
Advanced Ceramics Major,"9,10,11,12",Class,Art,"To Be Added, View course list"
Intro to Photography minor,"9,10,11,12",Class,Art,"To Be Added, View course list"
Adv Photo - Lighting & Printing minor,"9,10,11,12",Class,Art,"To Be Added, View course list"
Adv Photo - Lighting & Printing Major,"9,10,11,12",Class,Art,"To Be Added, View course list"
Adv Photography - Fine Art minor,"9,10,11,12",Class,Art,"To Be Added, View course list"
Adv Photography - Fine Art Major,"9,10,11,12",Class,Art,"To Be Added, View course list"
Adv Photo - The Photo Book minor,"9,10,11,12",Class,Art,"To Be Added, View course list"
Adv Photo - The Photo Book Major,"9,10,11,12",Class,Art,"To Be Added, View course list"
Intro to Architecture minor,"9,10,11,12",Class,Art,"To Be Added, View course list"
Advanced Architecture II Major,"9,10,11,12",Class,Art,"To Be Added, View course list"
Advanced Architecture III Major,"9,10,11,12",Class,Art,"To Be Added, View course list"
Advanced Architecture IV Major,"9,10,11,12",Class,Art,"To Be Added, View course list"
Intro to Furniture Design minor,"9,10,11,12",Class,Art,"To Be Added, View course list"
Advanced Furniture Design Major,"9,10,11,12",Class,Art,"To Be Added, View course list"
Intermediate Sculpture Major,"9,10,11,12",Class,Art,"To Be Added, View course list"
Dance: Choreography and Beyond minor,"9,10,11,12",Class,Art,"To Be Added, View course list"
Band minor,"9,10,11,12",Class,Art,"To Be Added, View course list"
Chorus minor,"9,10,11,12",Class,Art,"To Be Added, View course list"
Orchestra minor,"9,10,11,12",Class,Art,"To Be Added, View course list"
Intro to Music Theory minor,"9,10,11,12",Class,Art,"To Be Added, View course list"
Music Technology minor,"9,10,11,12",Class,Art,"To Be Added, View course list"
AP Music Theory,"9,10,11,12",Class,Art,"To Be Added, View course list"
The Performer in Action minor,"9,10,11,12",Class,Art,"To Be Added, View course list"
Advanced Acting minor,"9,10,11,12",Class,Art,"To Be Added, View course list"
Directing and Playwriting minor,"9,10,11,12",Class,Art,"To Be Added, View course list"
Jacobson Scholar Program,"9,10,11,12",Class,Art,"To Be Added, View course list"
PE Strength Training (Tri1),"9,10,11,12",Class,Athletics,"To Be Added, View course list"
PE Dance: Technique & Performance (Tri1),"9,10,11,12",Class,Athletics,"To Be Added, View course list"
PE Independent Study (Tri1),"9,10,11,12",Class,Athletics,"To Be Added, View course list"
PE Strength Training (Tri2),"9,10,11,12",Class,Athletics,"To Be Added, View course list"
PE Independent Study (Tri2),"9,10,11,12",Class,Athletics,"To Be Added, View course list"
PE Strength Training (Tri3),"9,10,11,12",Class,Athletics,"To Be Added, View course list"
PE Yoga (Tri3),"9,10,11,12",Class,Athletics,"To Be Added, View course list"
PE Independent Study (Tri3),"9,10,11,12",Class,Athletics,"To Be Added, View course list"
Field Hockey (Tri1),"9,10,11,12",Class,Athletics,"To Be Added, View course list"
Boys Soccer (Tri1),"9,10,11,12",Class,Athletics,"To Be Added, View course list"
Girls Soccer (Tri1),"9,10,11,12",Class,Athletics,"To Be Added, View course list"
Girls Tennis (Tri1),"9,10,11,12",Class,Athletics,"To Be Added, View course list"
Boys Cross-Country (Tri1),"9,10,11,12",Class,Athletics,"To Be Added, View course list"
Girls Cross-Country (Tri1),"9,10,11,12",Class,Athletics,"To Be Added, View course list"
"Volleyb9,10,11,12 (Tri1)","9,10,11,12",Class,Athletics,"To Be Added, View course list"
"Boys Basketb9,10,11,12 (Tri2)","9,10,11,12",Class,Athletics,"To Be Added, View course list"
"Girls Basketb9,10,11,12 (Tri2)","9,10,11,12",Class,Athletics,"To Be Added, View course list"
Fencing (Tri2),"9,10,11,12",Class,Athletics,"To Be Added, View course list"
Boys Squash (Tri2),"9,10,11,12",Class,Athletics,"To Be Added, View course list"
Girls Squash (Tri2),"9,10,11,12",Class,Athletics,"To Be Added, View course list"
Boys Ice Hockey (Tri2),"9,10,11,12",Class,Athletics,"To Be Added, View course list"
Girls Ice Hockey (Tri2),"9,10,11,12",Class,Athletics,"To Be Added, View course list"
"Baseb9,10,11,12 (Tri3)","9,10,11,12",Class,Athletics,"To Be Added, View course list"
Figure Skating (Tri3),"9,10,11,12",Class,Athletics,"To Be Added, View course list"
Golf (Tri3),"9,10,11,12",Class,Athletics,"To Be Added, View course list"
Boys Lacrosse (Tri3),"9,10,11,12",Class,Athletics,"To Be Added, View course list"
Girls Lacrosse (Tri3),"9,10,11,12",Class,Athletics,"To Be Added, View course list"
Track and Field (Tri3),"9,10,11,12",Class,Athletics,"To Be Added, View course list"
Boys Tennis (Tri3),"9,10,11,12",Class,Athletics,"To Be Added, View course list"
Peer Leadership,12,Class,Community Service,"To Be Added, View course list"